Area,Transport Mode,2011,2011%,2006,2006%,2001,2001%,1996,1996%,1991,1991%
City of Sydney,Train,16140,15.7683,10829,13.1051,10708,15.4338,7980,14.5591,5815,13.5683
City of Sydney,Bus,13655,13.3406,10786,13.0531,9058,13.056,7267,13.2577,7499,17.4986
City of Sydney,Tram or Ferry,437,0.4269,315,0.3812,327,0.4718,49,0.0894,85,0.1983
City of Sydney,Taxi,1526,1.4909,1403,1.6979,1437,2.0713,1396,2.5467,1180,2.754
City of Sydney,Car - as driver,23253,22.7175,20757,25.1198,17494,25.2152,14795,26.9929,10625,24.7909
City of Sydney,Car - as passenger,2510,2.4522,2535,3.0678,2364,3.4074,2122,3.872,1814,4.2317
City of Sydney,Truck,190,0.1856,189,0.2287,191,0.2753,0,0,0,0
City of Sydney,Truck,190,0.5569,189,0.6862,191,0.8259,0,0,0,0
City of Sydney,Motorbike,1150,1.1235,589,0.7128,286,0.4122,302,0.551,234,0.5465
City of Sydney,Bicycle,2953,2.885,1376,1.6652,1092,1.5738,655,1.1948,513,1.1975
City of Sydney,Walked only,25853,25.2577,20113,24.3404,14771,21.2898,10510,19.1745,8484,19.7955
City of Sydney,Other,1803,1.7615,2250,2.7229,1331,1.9183,1016,1.8533,338,0.7884
City of Sydney,Worked at home,4029,3.9362,3180,3.8484,2985,4.3019,2156,3.934,1461,3.409
City of Sydney,Did not go to work,7954,7.7708,7307,8.8428,6548,9.4375,5798,10.5773,3242,7.5635
City of Sydney,Not stated,904,0.8832,1003,1.2138,788,1.1357,766,1.3973,1568,3.6577
City of Sydney,Total employed persons aged 15+,102357,100,82632,100,69378,100,54812,100,42857,100
Greater Sydney,Train,284461,13.8428,232887,12.2926,241985,13.3297,213126,12.7168,200855,12.5452
Greater Sydney,Bus,119526,5.8165,101551,5.3602,95529,5.2622,87442,5.2175,129384,8.0811
Greater Sydney,Tram or Ferry,7603,0.37,6675,0.3523,6220,0.3426,4845,0.2891,6325,0.3951
Greater Sydney,Taxi,5927,0.2884,6291,0.3321,6612,0.3642,7699,0.4594,10068,0.6289
Greater Sydney,Car - as driver,1104851,53.7656,1017466,53.7055,945203,52.0662,890160,53.1143,787796,49.2047
Greater Sydney,Car - as passenger,92772,4.5146,99555,5.2549,101518,5.5921,106057,6.3283,123271,7.6993
Greater Sydney,Truck,21768,1.0593,25555,1.3489,29868,1.6453,0,0,0,0
Greater Sydney,Truck,21768,3.1779,25555,4.0466,29868,4.9358,0,0,0,0
Greater Sydney,Motorbike,12583,0.6123,9031,0.4767,7089,0.3905,7707,0.4599,7955,0.4969
Greater Sydney,Bicycle,15608,0.7595,10927,0.5768,9279,0.5111,8249,0.4922,8815,0.5506
Greater Sydney,Walked only,84237,4.0992,79313,4.1864,69139,3.8085,62788,3.7464,65007,4.0603
Greater Sydney,Other,19557,0.9517,16446,0.8681,20202,1.1128,27918,1.6658,17489,1.0923
Greater Sydney,Worked at home,81457,3.964,74261,3.9198,74675,4.1134,66313,3.9568,54197,3.3851
Greater Sydney,Did not go to work,174215,8.4779,179233,9.4606,177163,9.759,165570,9.8793,126059,7.8735
Greater Sydney,Not stated,30375,1.4781,35337,1.8652,30905,1.7024,28057,1.6741,63836,3.9871
Greater Sydney,Total employed persons aged 15+,2054940,100,1894529,100,1815386,100,1675931,100,1601058,100
Inner Sydney Region,Train,63986,15.8028,48206,13.4452,49627,14.5859,42302,13.5533,37699,12.4399
Inner Sydney Region,Bus,51555,12.7326,46353,12.9283,44093,12.9594,40068,12.8375,51994,17.157
Inner Sydney Region,Tram or Ferry,3073,0.7589,2585,0.721,2298,0.6754,1153,0.3694,1453,0.4795
Inner Sydney Region,Taxi,2898,0.7157,2999,0.8365,3141,0.9232,3594,1.1515,4300,1.4189
Inner Sydney Region,Car - as driver,153787,37.9811,142732,39.8094,135294,39.7644,130953,41.9564,116965,38.5961
Inner Sydney Region,Car - as passenger,14052,3.4705,14892,4.1535,15504,4.5568,16775,5.3746,18804,6.2049
Inner Sydney Region,Truck,1833,0.4527,2067,0.5765,2612,0.7677,0,0,0,0
Inner Sydney Region,Truck,1833,1.3581,2067,1.7295,2612,2.3031,0,0,0,0
Inner Sydney Region,Motorbike,4585,1.1324,2428,0.6772,1521,0.447,1515,0.4854,1536,0.5068
Inner Sydney Region,Bicycle,8480,2.0943,4636,1.293,3666,1.0775,2415,0.7737,2247,0.7415
Inner Sydney Region,Walked only,41541,10.2595,35284,9.8411,28391,8.3444,23979,7.6827,23212,7.6595
Inner Sydney Region,Other,4797,1.1847,4617,1.2877,4249,1.2488,4118,1.3194,2194,0.724
Inner Sydney Region,Worked at home,17606,4.3482,14870,4.1474,14472,4.2535,11877,3.8053,9466,3.1236
Inner Sydney Region,Did not go to work,32018,7.9076,31337,8.7402,30354,8.9214,28524,9.1389,20965,6.918
Inner Sydney Region,Not stated,4693,1.159,5532,1.5429,5017,1.4746,4844,1.552,12214,4.0304
Inner Sydney Region,Total employed persons aged 15+,404904,100,358538,100,340239,100,312117,100,303049,100
SSROC,Train,124105,16.9956,99473,14.9492,103179,16.0921,89767,14.9708,85461,14.3657
SSROC,Bus,56265,7.7052,50675,7.6157,48777,7.6074,45238,7.5445,65776,11.0567
SSROC,Tram or Ferry,3195,0.4375,2663,0.4002,2415,0.3767,1249,0.2083,1730,0.2908
SSROC,Taxi,3565,0.4882,3767,0.5661,3903,0.6087,4483,0.7476,5681,0.955
SSROC,Car - as driver,339763,46.5289,315517,47.4173,298949,46.625,290954,48.5236,266753,44.8403
SSROC,Car - as passenger,28750,3.9372,31401,4.7191,32738,5.1059,34920,5.8238,41210,6.9273
SSROC,Truck,5583,0.7646,6614,0.994,8020,1.2508,0,0,0,0
SSROC,Truck,5583,2.2937,6614,2.9819,8020,3.7525,0,0,0,0
SSROC,Motorbike,5817,0.7966,3460,0.52,2403,0.3748,2596,0.4329,2705,0.4547
SSROC,Bicycle,9584,1.3125,5736,0.862,4718,0.7358,3643,0.6076,3549,0.5966
SSROC,Walked only,48910,6.698,43330,6.5118,35686,5.5657,31361,5.2302,31671,5.3238
SSROC,Other,7367,1.0089,6594,0.991,7231,1.1278,8666,1.4453,5409,0.9092
SSROC,Worked at home,27173,3.7212,23440,3.5227,23345,3.641,20435,3.408,16926,2.8452
SSROC,Did not go to work,59827,8.193,60516,9.0946,59127,9.2216,56152,9.3647,43530,7.3172
SSROC,Not stated,10315,1.4126,12219,1.8363,10687,1.6668,10149,1.6926,24495,4.1175
SSROC,Total employed persons aged 15+,730219,100,665405,100,641178,100,599613,100,594896,100
New South Wales,Train,292893,9.3575,240860,8.3012,250580,9.1173,220791,8.6284,209757,8.6536
New South Wales,Bus,129480,4.1367,110262,3.8002,104782,3.8125,97642,3.8158,142859,5.8937
New South Wales,Tram or Ferry,7851,0.2508,6907,0.238,6461,0.2351,5069,0.1981,7987,0.3295
New South Wales,Taxi,7537,0.2408,8009,0.276,8223,0.2992,9496,0.3711,12667,0.5226
New South Wales,Car - as driver,1805503,57.6831,1637999,56.4537,1487981,54.14,1396204,54.5632,1236992,51.0326
New South Wales,Car - as passenger,156639,5.0044,166127,5.7256,168862,6.144,176686,6.9048,199267,8.2208
New South Wales,Truck,38531,1.231,45928,1.5829,54093,1.9682,0,0,0,0
New South Wales,Truck,38531,3.693,45928,4.7487,54093,5.9045,0,0,0,0
New South Wales,Motorbike,19586,0.6257,16477,0.5679,14159,0.5152,16423,0.6418,18966,0.7825
New South Wales,Bicycle,23366,0.7465,19226,0.6626,17730,0.6451,17305,0.6763,19450,0.8024
New South Wales,Walked only,127460,4.0722,126767,4.369,114927,4.1816,114538,4.4761,122916,5.071
New South Wales,Other,33258,1.0625,28602,0.9858,36604,1.3318,50756,1.9835,31023,1.2799
New South Wales,Worked at home,142925,4.5662,138315,4.767,142076,5.1694,134932,5.2731,120857,4.986
New South Wales,Did not go to work,296976,9.4879,301940,10.4064,292757,10.6519,272871,10.6637,199499,8.2304
New South Wales,Not stated,48033,1.5346,54073,1.8636,49162,1.7888,46161,1.804,101684,4.195
New South Wales,Total employed persons aged 15+,3130038,100,2901492,100,2748397,100,2558874,100,2423924,100
Australia,Train,632341,6.2877,486837,5.3474,452019,5.447,394304,5.1646,372049,5.3991
Australia,Bus,347472,3.4551,284327,3.123,244780,2.9497,231858,3.0369,299156,4.3413
Australia,Tram or Ferry,57341,0.5702,45776,0.5028,40926,0.4932,29728,0.3894,50303,0.73
Australia,Taxi,22065,0.2194,21973,0.2414,21147,0.2548,25013,0.3276,28436,0.4127
Australia,Car - as driver,6059265,60.2507,5404034,59.3577,4816600,58.0416,4419995,57.8934,3746791,54.3722
Australia,Car - as passenger,537476,5.3444,533323,5.858,513234,6.1846,532136,6.97,559551,8.12
Australia,Truck,104732,1.0414,120404,1.3225,134133,1.6163,0,0,0,0
Australia,Truck,104732,3.1242,120404,3.9675,134133,4.849,0,0,0,0
Australia,Motorbike,64297,0.6393,60771,0.6675,48126,0.5799,52865,0.6924,61958,0.8991
Australia,Bicycle,103890,1.033,90118,0.9899,78212,0.9425,74423,0.9748,90155,1.3083
Australia,Walked only,376890,3.7476,367168,4.033,316636,3.8156,313893,4.1114,330880,4.8016
Australia,Other,132395,1.3165,103778,1.1399,113851,1.3719,157236,2.0595,84805,1.2307
Australia,Worked at home,443909,4.414,426523,4.6849,438513,5.2842,423914,5.5525,372279,5.4024
Australia,Did not go to work,1024784,10.19,995170,10.9309,928227,11.1854,841205,11.0182,591538,8.5842
Australia,Not stated,149893,1.4905,163985,1.8012,152133,1.8333,138140,1.8094,303098,4.3985
Australia,Total employed persons aged 15+,10056750,100,9104187,100,8298537,100,7634710,100,6890999,100
Alexandria - Beaconsfield,Train,1257,23.0147,765,18.1496,654,20.9254,357,16.9231,211,11.8301
Alexandria - Beaconsfield,Bus,541,9.8998,451,10.6939,298,9.513,206,9.7306,234,13.1671
Alexandria - Beaconsfield,Tram or Ferry,0,0,4,0.0949,0,0,3,0.1421,0,0
Alexandria - Beaconsfield,Taxi,68,1.2454,28,0.664,20,0.6299,15,0.7103,31,1.7358
Alexandria - Beaconsfield,Car - as driver,1865,34.1572,1664,39.4638,1271,40.6421,899,42.5446,681,38.2597
Alexandria - Beaconsfield,Car - as passenger,154,2.8259,181,4.2887,131,4.1985,122,5.791,131,7.3363
Alexandria - Beaconsfield,Truck,9,0.1648,20,0.4743,28,0.8794,0,0,0,0
Alexandria - Beaconsfield,Truck,9,0.4945,20,1.4228,28,2.6381,0,0,0,0
Alexandria - Beaconsfield,Motorbike,135,2.4752,66,1.5675,23,0.7482,13,0.6345,10,0.5393
Alexandria - Beaconsfield,Bicycle,246,4.5053,139,3.288,60,1.9154,33,1.5389,25,1.4212
Alexandria - Beaconsfield,Walked only,524,9.5985,336,7.9656,228,7.2778,171,8.1064,217,12.1728
Alexandria - Beaconsfield,Other,36,0.6639,45,1.0683,39,1.2503,32,1.5058,26,1.4324
Alexandria - Beaconsfield,Worked at home,211,3.8588,134,3.1765,110,3.5014,75,3.5655,56,3.1513
Alexandria - Beaconsfield,Did not go to work,380,6.964,347,8.2276,238,7.6008,158,7.4719,99,5.5724
Alexandria - Beaconsfield,Not stated,23,0.4249,37,0.8774,29,0.9177,28,1.3353,60,3.3816
Alexandria - Beaconsfield,Total employed persons aged 15+,5460,100,4217,100,3127,100,2112,100,1780,100
Camperdown,Train,236,7.0406,140,5.7495,80,5.6617,74,5.3006,36,3.4483
Camperdown,Bus,823,24.5525,567,23.2854,233,16.4897,193,13.7867,128,12.2409
Camperdown,Tram or Ferry,3,0.0895,3,0.1232,0,0,0,0,0,0
Camperdown,Taxi,54,1.611,14,0.5749,10,0.7077,13,0.9162,13,1.2322
Camperdown,Car - as driver,846,25.2387,629,25.8316,259,18.3298,262,18.7831,104,9.9771
Camperdown,Car - as passenger,89,2.6551,75,3.0801,28,1.9816,34,2.4445,23,2.2304
Camperdown,Truck,9,0.2685,0,0,3,0.2123,0,0,0,0
Camperdown,Truck,9,0.8055,0,0,3,0.6369,0,0,0,0
Camperdown,Motorbike,95,2.8341,17,0.6982,3,0.2123,8,0.5798,3,0.2866
Camperdown,Bicycle,105,3.1325,38,1.5606,13,0.92,6,0.4295,12,1.1462
Camperdown,Walked only,449,13.395,366,15.0308,244,17.2682,355,25.4223,424,40.5005
Camperdown,Other,34,1.0143,19,0.7803,25,1.7693,16,1.1596,3,0.2866
Camperdown,Worked at home,93,2.7745,69,2.8337,47,3.3263,39,2.7595,39,3.7253
Camperdown,Did not go to work,505,15.0656,468,19.2197,456,32.2718,382,27.3765,201,19.1948
Camperdown,Not stated,12,0.358,30,1.232,12,0.8493,15,1.0415,60,5.7312
Camperdown,Total employed persons aged 15+,3352,100,2435,100,1413,100,1397,100,1047,100
Centennial Park - Moore Park,Train,69,5.1187,57,4.5455,84,6.3063,77,5.3696,85,5.9986
Centennial Park - Moore Park,Bus,376,27.8932,335,26.7145,367,27.5526,361,25.1743,370,26.1115
Centennial Park - Moore Park,Tram or Ferry,0,0,0,0,0,0,0,0,3,0.2117
Centennial Park - Moore Park,Taxi,30,2.2255,19,1.5152,26,1.952,28,1.9526,32,2.2583
Centennial Park - Moore Park,Car - as driver,452,33.5312,455,36.2839,461,34.6096,578,40.3068,534,37.6852
Centennial Park - Moore Park,Car - as passenger,34,2.5223,56,4.4657,59,4.4294,76,5.2999,83,5.8574
Centennial Park - Moore Park,Truck,0,0,0,0,9,0.6757,0,0,0,0
Centennial Park - Moore Park,Truck,0,0,0,0,9,2.027,0,0,0,0
Centennial Park - Moore Park,Motorbike,24,1.7804,8,0.638,9,0.6757,3,0.2092,12,0.8469
Centennial Park - Moore Park,Bicycle,40,2.9674,18,1.4354,21,1.5766,16,1.1158,19,1.3409
Centennial Park - Moore Park,Walked only,134,9.9407,120,9.5694,116,8.7087,97,6.7643,100,7.0572
Centennial Park - Moore Park,Other,16,1.1869,20,1.5949,12,0.9009,12,0.8368,12,0.8469
Centennial Park - Moore Park,Worked at home,56,4.1543,53,4.2265,55,4.1291,60,4.1841,27,1.9054
Centennial Park - Moore Park,Did not go to work,104,7.7151,97,7.7352,107,8.033,114,7.9498,99,6.9866
Centennial Park - Moore Park,Not stated,11,0.816,16,1.2759,6,0.4505,12,0.8368,41,2.8934
Centennial Park - Moore Park,Total employed persons aged 15+,1348,100,1254,100,1332,100,1434,100,1417,100
Chippendale,Train,406,15.9341,234,12.6383,266,13.9382,136,12.5162,93,12.1701
Chippendale,Bus,565,22.1743,397,21.4357,411,21.488,232,21.4391,179,23.5394
Chippendale,Tram or Ferry,0,0,3,0.1621,0,0,1,0.0554,3,0.3939
Chippendale,Taxi,37,1.4521,45,2.4295,21,1.0778,8,0.7113,9,1.2341
Chippendale,Car - as driver,409,16.0518,365,19.7086,393,20.5724,240,22.1411,165,21.6358
Chippendale,Car - as passenger,44,1.7268,37,2.0102,70,3.6624,51,4.7201,17,2.2712
Chippendale,Truck,0,0,0,0,3,0.157,0,0,0,0
Chippendale,Truck,0,0,0,0,3,0.4709,0,0,0,0
Chippendale,Motorbike,25,0.9812,16,0.8646,15,0.7691,9,0.859,6,0.7877
Chippendale,Bicycle,72,2.8257,19,1.0137,38,1.9725,14,1.3209,8,1.0897
Chippendale,Walked only,652,25.5887,481,26.0137,358,18.7464,197,18.1692,165,21.7146
Chippendale,Other,25,0.9812,41,2.1896,37,1.9149,7,0.6466,3,0.3939
Chippendale,Worked at home,87,3.4144,53,2.8381,76,3.992,36,3.2791,19,2.5338
Chippendale,Did not go to work,216,8.4772,141,7.628,199,10.4222,132,12.1559,61,8.0347
Chippendale,Not stated,8,0.314,20,1.0678,25,1.2871,22,1.986,32,4.2011
Chippendale,Total employed persons aged 15+,2548,100,1851,100,1911,100,1083,100,762,100
Darlinghurst,Train,894,13.1297,533,11.4993,708,14.3181,643,14.3692,475,12.6898
Darlinghurst,Bus,795,11.6757,495,10.689,577,11.6721,540,12.0626,610,16.2996
Darlinghurst,Tram or Ferry,3,0.0441,4,0.0863,3,0.0607,3,0.067,20,0.5212
Darlinghurst,Taxi,258,3.7891,100,2.1516,117,2.3708,142,3.1712,138,3.682
Darlinghurst,Car - as driver,1095,16.0817,946,20.4225,1003,20.2856,866,19.3376,606,16.206
Darlinghurst,Car - as passenger,101,1.4833,80,1.7372,131,2.65,118,2.6417,121,3.2423
Darlinghurst,Truck,0,0,9,0.1943,12,0.2427,0,0,0,0
Darlinghurst,Truck,0,0,9,0.5828,12,0.7282,0,0,0,0
Darlinghurst,Motorbike,80,1.1749,21,0.4533,17,0.352,18,0.4122,20,0.5413
Darlinghurst,Bicycle,190,2.7904,65,1.4104,60,1.2218,51,1.1449,38,1.0264
Darlinghurst,Walked only,2424,35.5999,1617,34.9006,1473,29.7933,1270,28.3742,1110,29.6803
Darlinghurst,Other,108,1.5861,62,1.3383,67,1.3513,45,1.0053,25,0.6616
Darlinghurst,Worked at home,321,4.7143,228,4.927,274,5.5387,221,4.9282,170,4.5467
Darlinghurst,Did not go to work,442,6.4914,426,9.197,459,9.2851,504,11.2494,283,7.5751
Darlinghurst,Not stated,65,0.9546,46,0.9933,42,0.8577,55,1.2365,125,3.3278
Darlinghurst,Total employed persons aged 15+,6809,100,4633,100,4943,100,4476,100,3741,100
Darlington,Train,357,27.7605,272,25.1386,305,26.2027,286,27.5443,229,24.873
Darlington,Bus,64,4.9767,64,5.915,92,7.9038,55,5.3011,89,9.638
Darlington,Tram or Ferry,0,0,3,0.2773,3,0.2577,0,0,0,0
Darlington,Taxi,0,0,0,0,6,0.5155,9,0.8886,17,1.8208
Darlington,Car - as driver,213,16.563,232,21.4418,234,20.1031,244,23.4723,199,21.5678
Darlington,Car - as passenger,10,0.7776,30,2.7726,25,2.1478,39,3.7066,40,4.3405
Darlington,Truck,0,0,0,0,0,0,0,0,0,0
Darlington,Motorbike,37,2.8771,6,0.5545,6,0.5155,15,1.4426,9,1.0026
Darlington,Bicycle,91,7.0762,49,4.5287,42,3.6082,21,1.9947,25,2.7019
Darlington,Walked only,282,21.9285,221,20.4251,225,19.3299,170,16.3496,170,18.4188
Darlington,Other,9,0.6998,11,1.0166,9,0.7732,17,1.6734,6,0.6185
Darlington,Worked at home,51,3.9658,37,3.4196,48,4.1237,43,4.1066,20,2.1203
Darlington,Did not go to work,143,11.1198,143,13.2163,157,13.488,124,11.9429,98,10.6059
Darlington,Not stated,29,2.2551,14,1.2939,12,1.0309,16,1.5773,21,2.2918
Darlington,Total employed persons aged 15+,1286,100,1082,100,1164,100,1040,100,922,100
Elizabeth Bay,Train,614,22.3517,429,18.2645,449,19.3738,454,17.9647,400,18.2282
Elizabeth Bay,Bus,201,7.3171,202,8.6074,261,11.274,290,11.474,384,17.4833
Elizabeth Bay,Tram or Ferry,0,0,4,0.1703,0,0,3,0.1187,5,0.2187
Elizabeth Bay,Taxi,166,6.043,102,4.3388,108,4.6537,115,4.5639,138,6.3008
Elizabeth Bay,Car - as driver,522,19.0025,531,22.599,592,25.5219,648,25.6266,506,23.0552
Elizabeth Bay,Car - as passenger,64,2.3298,59,2.5207,83,3.5927,119,4.7004,102,4.6243
Elizabeth Bay,Truck,0,0,3,0.1277,3,0.1294,0,0,0,0
Elizabeth Bay,Truck,0,0,3,0.3832,3,0.3882,0,0,0,0
Elizabeth Bay,Motorbike,61,2.2206,15,0.6387,9,0.3882,3,0.1187,12,0.5467
Elizabeth Bay,Bicycle,37,1.3469,32,1.3796,7,0.3019,18,0.7122,6,0.2734
Elizabeth Bay,Walked only,666,24.2446,617,26.2524,441,18.9985,418,16.5325,332,15.1256
Elizabeth Bay,Other,38,1.3833,10,0.4151,24,1.0502,43,1.6993,15,0.6834
Elizabeth Bay,Worked at home,170,6.1886,138,5.8611,134,5.775,129,5.096,83,3.7586
Elizabeth Bay,Did not go to work,172,6.2614,184,7.8538,189,8.1644,250,9.8914,148,6.745
Elizabeth Bay,Not stated,9,0.3276,23,0.9708,18,0.7763,38,1.5015,65,2.9568
Elizabeth Bay,Total employed persons aged 15+,2747,100,2349,100,2319,100,2527,100,2195,100
Erskineville - Eveleigh,Train,1778,34.8095,1346,31.8038,1163,36.5747,692,32.529,539,27.4532
Erskineville - Eveleigh,Bus,273,5.3525,222,5.248,140,4.3886,71,3.3159,134,6.7997
Erskineville - Eveleigh,Tram or Ferry,0,0,0,0,0,0,3,0.1411,6,0.3054
Erskineville - Eveleigh,Taxi,41,0.8025,13,0.3072,21,0.6701,19,0.8937,24,1.2266
Erskineville - Eveleigh,Car - as driver,1517,29.6929,1465,34.621,1004,31.5852,705,33.1358,641,32.6191
Erskineville - Eveleigh,Car - as passenger,119,2.3234,149,3.5251,117,3.6713,81,3.7957,98,5.0081
Erskineville - Eveleigh,Truck,3,0.0587,6,0.1418,7,0.2045,0,0,0,0
Erskineville - Eveleigh,Truck,3,0.1762,6,0.4254,7,0.6135,0,0,0,0
Erskineville - Eveleigh,Motorbike,128,2.5025,48,1.1321,17,0.5222,26,1.2041,19,0.9874
Erskineville - Eveleigh,Bicycle,277,5.422,125,2.9626,99,3.1176,39,1.8108,25,1.2571
Erskineville - Eveleigh,Walked only,378,7.397,331,7.8254,210,6.6191,168,7.8924,205,10.4489
Erskineville - Eveleigh,Other,25,0.4845,38,0.8969,31,0.9721,20,0.9501,23,1.1452
Erskineville - Eveleigh,Worked at home,189,3.7054,129,3.05,81,2.5325,79,3.7016,52,2.6415
Erskineville - Eveleigh,Did not go to work,350,6.846,337,7.966,257,8.0945,197,9.2752,153,7.7769
Erskineville - Eveleigh,Not stated,31,0.6029,22,0.52,33,1.0476,29,1.3546,46,2.331
Erskineville - Eveleigh,Total employed persons aged 15+,5109,100,4231,100,3179,100,2126,100,1965,100
Glebe - Forest Lodge,Train,568,7.4698,426,6.2767,553,8.1026,448,6.5822,384,5.9158
Glebe - Forest Lodge,Bus,1597,21.0021,1468,21.6296,1571,23.0308,1501,22.0453,1571,24.2245
Glebe - Forest Lodge,Tram or Ferry,67,0.8811,87,1.2819,97,1.4264,3,0.0441,6,0.0925
Glebe - Forest Lodge,Taxi,126,1.657,69,1.0166,98,1.4367,127,1.864,149,2.2973
Glebe - Forest Lodge,Car - as driver,2012,26.4598,2020,29.7628,1990,29.1719,2290,33.6423,1956,30.1588
Glebe - Forest Lodge,Car - as passenger,202,2.6565,219,3.2268,266,3.8995,302,4.4405,294,4.5328
Glebe - Forest Lodge,Truck,12,0.1578,20,0.2947,27,0.3958,0,0,0,0
Glebe - Forest Lodge,Truck,12,0.4734,20,0.884,27,1.1875,0,0,0,0
Glebe - Forest Lodge,Motorbike,108,1.4203,71,1.0461,27,0.3958,33,0.4847,49,0.7539
Glebe - Forest Lodge,Bicycle,382,5.0237,174,2.5637,135,1.9776,90,1.3205,88,1.3552
Glebe - Forest Lodge,Walked only,1340,17.6223,1095,16.1338,923,13.5238,884,12.9836,979,15.0956
Glebe - Forest Lodge,Other,59,0.7759,67,0.9872,52,0.7609,70,1.0253,47,0.7231
Glebe - Forest Lodge,Worked at home,400,5.2604,332,4.8917,367,5.3743,280,4.1173,251,3.876
Glebe - Forest Lodge,Did not go to work,680,8.9427,632,9.3119,632,9.2592,696,10.2177,489,7.5362
Glebe - Forest Lodge,Not stated,47,0.6181,107,1.5765,85,1.2446,84,1.2324,223,3.4382
Glebe - Forest Lodge,Total employed persons aged 15+,7604,100,6787,100,6821,100,6808,100,6486,100
Haymarket,Train,530,17.1799,247,12.2189,125,9.1976,44,10.3278,25,18.6253
Haymarket,Bus,495,16.0454,342,16.9261,197,14.5641,48,11.2795,23,17.184
Haymarket,Tram or Ferry,31,1.0049,16,0.7911,16,1.1811,5,1.2689,0,0
Haymarket,Taxi,66,2.1394,28,1.3864,14,1.063,20,4.6176,4,2.6608
Haymarket,Car - as driver,311,10.081,218,10.7929,185,13.6414,71,16.5668,9,6.8736
Haymarket,Car - as passenger,40,1.2966,48,2.3635,37,2.7312,11,2.6436,3,1.9956
Haymarket,Truck,6,0.1945,0,0,0,0,0,0,0,0
Haymarket,Truck,6,0.5835,0,0,0,0,0,0,0,0
Haymarket,Motorbike,7,0.2269,6,0.2967,0,0.0221,3,0.6345,0,0.3326
Haymarket,Bicycle,17,0.5511,0,0.0119,0,0.0221,3,0.6345,3,1.9956
Haymarket,Walked only,992,32.1556,736,36.3719,449,33.1217,115,26.9651,36,26.6075
Haymarket,Other,135,4.376,32,1.606,39,2.9084,11,2.6789,0,0
Haymarket,Worked at home,52,1.6856,48,2.3971,31,2.2662,15,3.5601,3,1.9956
Haymarket,Did not go to work,360,11.6694,257,12.6995,237,17.4799,75,17.5537,20,14.6341
Haymarket,Not stated,49,1.5883,43,2.138,24,1.8011,5,1.2689,10,7.0953
Haymarket,Total employed persons aged 15+,3085,100,2022,100,1355,100,426,100,135,100
Kings Cross,Train,785,31.1652,600,31.0006,581,30.2487,601,29.45,450,31.6702
Kings Cross,Bus,139,5.5181,111,5.7276,106,5.4941,137,6.6915,173,12.1343
Kings Cross,Tram or Ferry,0,0,3,0.1549,3,0.1562,0,0,0,0
Kings Cross,Taxi,99,3.9402,39,2.0142,72,3.7339,74,3.6448,50,3.5478
Kings Cross,Car - as driver,344,13.6625,296,15.2821,286,14.8991,307,15.0596,158,11.0865
Kings Cross,Car - as passenger,29,1.1423,44,2.2647,33,1.7237,60,2.9634,28,1.9691
Kings Cross,Truck,4,0.1588,3,0.1549,6,0.3125,0,0,0,0
Kings Cross,Truck,4,0.4764,3,0.4648,6,0.9374,0,0,0,0
Kings Cross,Motorbike,15,0.5956,8,0.4132,9,0.4687,15,0.7353,3,0.211
Kings Cross,Bicycle,50,1.9812,16,0.8367,25,1.2967,15,0.7353,9,0.6329
Kings Cross,Walked only,725,28.7731,558,28.8367,483,25.1374,468,22.9546,326,22.929
Kings Cross,Other,36,1.4341,15,0.7566,39,2.0362,58,2.8433,12,0.8439
Kings Cross,Worked at home,102,4.0331,82,4.2505,83,4.3276,58,2.8384,41,2.9149
Kings Cross,Did not go to work,165,6.5651,141,7.2692,176,9.1733,217,10.6133,101,7.1062
Kings Cross,Not stated,14,0.5559,20,1.0381,19,0.9921,30,1.4707,70,4.9543
Kings Cross,Total employed persons aged 15+,2519,100,1936,100,1920,100,2040,100,1422,100
Newtown,Train,1098,25.1259,803,22.2994,1035,26.8622,769,23.5231,600,20.7894
Newtown,Bus,655,14.9886,516,14.3294,554,14.3784,449,13.7511,487,16.8841
Newtown,Tram or Ferry,0,0,4,0.1111,3,0.0779,0,0,6,0.208
Newtown,Taxi,50,1.1442,30,0.8331,34,0.8824,28,0.8558,43,1.5018
Newtown,Car - as driver,920,21.0526,813,22.5771,906,23.5141,847,25.9101,752,26.0627
Newtown,Car - as passenger,70,1.6018,99,2.7492,112,2.9068,111,3.4069,107,3.6973
Newtown,Truck,4,0.0915,6,0.1666,3,0.0779,0,0,0,0
Newtown,Truck,4,0.2746,6,0.4999,3,0.2336,0,0,0,0
Newtown,Motorbike,51,1.167,21,0.5832,18,0.4672,23,0.7009,12,0.4077
Newtown,Bicycle,230,5.2632,109,3.0269,114,2.9587,61,1.875,53,1.8408
Newtown,Walked only,663,15.1716,570,15.8289,440,11.4197,404,12.3607,389,13.4947
Newtown,Other,27,0.6178,18,0.4999,30,0.7786,21,0.655,21,0.7384
Newtown,Worked at home,185,4.2334,134,3.7212,151,3.919,107,3.2673,94,3.2747
Newtown,Did not go to work,398,9.1076,446,12.3854,419,10.8746,418,12.8051,260,9.0243
Newtown,Not stated,18,0.4119,32,0.8886,34,0.8824,29,0.8891,60,2.0759
Newtown,Total employed persons aged 15+,4370,100,3601,100,3853,100,3267,100,2885,100
Paddington,Train,75,4.7438,61,3.6116,99,6.6982,87,5.6457,80,5.4795
Paddington,Bus,334,21.1259,319,18.8869,328,22.1922,349,22.6476,380,26.0274
Paddington,Tram or Ferry,0,0,3,0.1776,0,0,0,0,3,0.2055
Paddington,Taxi,38,2.4035,25,1.4802,20,1.3532,37,2.401,41,2.8082
Paddington,Car - as driver,402,25.4269,469,27.7679,401,27.1313,458,29.721,414,28.3562
Paddington,Car - as passenger,40,2.53,68,4.0261,59,3.9919,66,4.2829,69,4.726
Paddington,Truck,0,0,9,0.5329,3,0.203,0,0,0,0
Paddington,Truck,0,0,9,1.5986,3,0.6089,0,0,0,0
Paddington,Motorbike,36,2.277,20,1.1841,6,0.406,12,0.7787,12,0.8219
Paddington,Bicycle,73,4.6173,23,1.3618,30,2.0298,26,1.6872,26,1.7808
Paddington,Walked only,337,21.3156,390,23.0906,269,18.2003,273,17.7158,247,16.9178
Paddington,Other,16,1.012,49,2.9011,21,1.4208,9,0.584,0,0
Paddington,Worked at home,97,6.1354,105,6.2167,114,7.7131,51,3.3095,56,3.8356
Paddington,Did not go to work,115,7.2739,123,7.2824,119,8.0514,155,10.0584,105,7.1918
Paddington,Not stated,12,0.759,25,1.4802,9,0.6089,18,1.1681,27,1.8493
Paddington,Total employed persons aged 15+,1581,100,1689,100,1478,100,1541,100,1460,100
Potts Point,Train,566,17.6213,478,12.2573,521,20.9959,500,21.3226,384,22.1377
Potts Point,Bus,175,5.4483,161,4.1144,160,6.4581,175,7.4379,222,12.7941
Potts Point,Tram or Ferry,7,0.2179,3,0.0769,3,0.1209,0,0,3,0.1815
Potts Point,Taxi,180,5.5959,85,2.1892,99,3.9925,150,6.3787,91,5.2421
Potts Point,Car - as driver,500,15.5615,556,14.2452,518,20.8489,519,22.1133,321,18.4625
Potts Point,Car - as passenger,52,1.6259,94,2.3981,86,3.4688,74,3.135,48,2.7852
Potts Point,Truck,0,0,6,0.1538,3,0.1209,0,0,0,0
Potts Point,Truck,0,0,6,0.4614,3,0.3626,0,0,0,0
Potts Point,Motorbike,57,1.7744,19,0.4871,4,0.145,21,0.8951,9,0.5184
Potts Point,Bicycle,47,1.4662,23,0.5896,42,1.68,18,0.7672,6,0.3456
Potts Point,Walked only,1005,31.2951,1038,26.6051,678,27.311,569,24.2424,437,25.1591
Potts Point,Other,301,9.3663,1047,26.8281,58,2.3165,46,1.9607,6,0.3456
Potts Point,Worked at home,129,4.0288,173,4.4374,114,4.5726,90,3.8404,67,3.8336
Potts Point,Did not go to work,162,5.0321,173,4.4361,179,7.2216,159,6.7559,101,5.8009
Potts Point,Not stated,19,0.5915,46,1.1818,19,0.7473,27,1.1508,42,2.3935
Potts Point,Total employed persons aged 15+,3212,100,3901,100,2482,100,2346,100,1736,100
Pyrmont,Train,539,7.3937,376,6.1761,358,8.0054,175,8.7995,42,8.4739
Pyrmont,Bus,769,10.5487,705,11.5802,430,9.6154,209,10.5131,66,13.2128
Pyrmont,Tram or Ferry,80,1.0974,90,1.4783,104,2.3256,3,0.1512,3,0.6024
Pyrmont,Taxi,232,3.1824,103,1.6919,96,2.1467,56,2.8324,4,0.7229
Pyrmont,Car - as driver,1682,23.0727,1575,25.8706,1056,23.6136,518,26.1264,129,25.9438
Pyrmont,Car - as passenger,170,2.332,225,3.6958,165,3.6896,98,4.9189,31,6.1847
Pyrmont,Truck,3,0.0412,3,0.0493,12,0.2683,0,0,0,0
Pyrmont,Truck,3,0.1235,3,0.1478,12,0.805,0,0,0,0
Pyrmont,Motorbike,62,0.8505,20,0.3285,16,0.3578,9,0.4536,3,0.6024
Pyrmont,Bicycle,141,1.9342,61,1.002,32,0.7156,9,0.4536,0,0
Pyrmont,Walked only,2675,36.6941,2130,34.9869,1499,33.5197,612,30.8638,141,28.3534
Pyrmont,Other,111,1.5226,95,1.5604,101,2.2585,62,3.1045,14,2.8514
Pyrmont,Worked at home,266,3.6488,193,3.1702,155,3.466,48,2.4393,16,3.1325
Pyrmont,Did not go to work,476,6.5295,441,7.2438,380,8.4973,170,8.5576,34,6.8675
Pyrmont,Not stated,29,0.3978,71,1.1662,68,1.5206,16,0.7862,15,3.0522
Pyrmont,Total employed persons aged 15+,7290,100,6088,100,4472,100,1984,100,498,100
Redfern,Train,1375,21.089,1033,18.8487,1026,19.4207,829,18.77,572,15.3578
Redfern,Bus,846,12.9755,727,13.2565,778,14.7293,656,14.8372,739,19.8412
Redfern,Tram or Ferry,6,0.092,6,0.1094,6,0.1136,3,0.0679,7,0.188
Redfern,Taxi,76,1.1656,62,1.1272,83,1.5638,65,1.4724,92,2.4714
Redfern,Car - as driver,1494,22.9141,1465,26.7209,1487,28.1598,1250,28.2914,923,24.8015
Redfern,Car - as passenger,122,1.8712,161,2.9329,211,4.0023,181,4.0969,188,5.0503
Redfern,Truck,6,0.092,25,0.4523,29,0.549,0,0,0,0
Redfern,Truck,6,0.2761,25,1.357,29,1.6471,0,0,0,0
Redfern,Motorbike,89,1.365,44,0.7989,22,0.4165,21,0.4753,15,0.4029
Redfern,Bicycle,415,6.365,172,3.1299,103,1.9462,73,1.6535,62,1.6669
Redfern,Walked only,1267,19.4325,1074,19.5819,745,14.1045,607,13.736,570,15.3121
Redfern,Other,48,0.7362,55,1.0032,58,1.0981,55,1.2449,18,0.4835
Redfern,Worked at home,235,3.6043,201,3.6625,191,3.6236,177,4.0098,114,3.0651
Redfern,Did not go to work,459,7.0399,393,7.1681,464,8.777,426,9.6459,254,6.8246
Redfern,Not stated,77,1.181,66,1.2075,79,1.4956,75,1.6988,169,4.5345
Redfern,Total employed persons aged 15+,6520,100,5483,100,5282,100,4418,100,3723,100
Rosebery,Train,205,7.1379,97,4.0417,106,5.2605,37,3.1979,28,2.4733
Rosebery,Bus,562,19.5682,414,17.25,376,18.66,175,15.1253,205,17.9339
Rosebery,Tram or Ferry,0,0,0,0,3,0.1489,0,0,0,0
Rosebery,Taxi,26,0.9053,18,0.75,14,0.6948,7,0.605,11,0.9876
Rosebery,Car - as driver,1350,47.0056,1196,49.8333,979,48.5856,557,48.1417,513,44.7999
Rosebery,Car - as passenger,155,5.3969,168,7,149,7.3945,91,7.8652,93,8.093
Rosebery,Truck,31,1.0794,33,1.375,26,1.2903,0,0,0,0
Rosebery,Truck,31,3.2382,33,4.125,26,3.871,0,0,0,0
Rosebery,Motorbike,41,1.4276,25,1.0417,3,0.1489,3,0.2593,0,0.0262
Rosebery,Bicycle,57,1.9847,21,0.875,7,0.3474,18,1.5557,11,0.9876
Rosebery,Walked only,108,3.7604,125,5.2083,106,5.2605,68,5.8773,87,7.5773
Rosebery,Other,41,1.4276,25,1.0417,21,1.0422,32,2.7658,13,1.1362
Rosebery,Worked at home,66,2.2981,54,2.25,48,2.3821,36,3.1115,30,2.587
Rosebery,Did not go to work,203,7.0682,195,8.125,138,6.8486,100,8.643,71,6.179
Rosebery,Not stated,27,0.9401,29,1.2083,39,1.9355,33,2.8522,83,7.219
Rosebery,Total employed persons aged 15+,2872,100,2400,100,2015,100,1157,100,1144,100
Rushcutters Bay,Train,236,20.2923,157,15.5598,210,18.5816,169,18.3131,154,18.6135
Rushcutters Bay,Bus,113,9.7163,109,10.8337,134,11.8972,122,13.236,145,17.4731
Rushcutters Bay,Tram or Ferry,0,0,0,0,3,0.266,0,0,1,0.1267
Rushcutters Bay,Taxi,44,3.7833,20,1.9853,42,3.7323,42,4.5904,49,5.9672
Rushcutters Bay,Car - as driver,267,22.9579,275,27.2215,310,27.469,272,29.3809,198,23.8687
Rushcutters Bay,Car - as passenger,16,1.3758,21,2.0745,44,3.8564,36,3.8929,28,3.3728
Rushcutters Bay,Truck,0,0,0,0,0,0,0,0,0,0
Rushcutters Bay,Motorbike,8,0.6879,9,0.8925,5,0.4078,6,0.6488,3,0.362
Rushcutters Bay,Bicycle,32,2.7515,18,1.7909,10,0.8511,6,0.6488,7,0.7964
Rushcutters Bay,Walked only,301,25.8813,242,24.0344,181,16.0727,144,15.5664,149,17.98
Rushcutters Bay,Other,15,1.2898,14,1.3933,26,2.2739,7,0.7624,3,0.362
Rushcutters Bay,Worked at home,52,4.4712,59,5.8199,62,5.5053,33,3.5469,16,1.9428
Rushcutters Bay,Did not go to work,67,5.761,80,7.9004,94,8.3245,75,8.1536,44,5.3337
Rushcutters Bay,Not stated,5,0.4299,5,0.4938,9,0.7624,12,1.2598,32,3.8011
Rushcutters Bay,Total employed persons aged 15+,1163,100,1008,100,1128,100,925,100,829,100
Surry Hills,Train,1493,15.8678,1193,15.0974,1235,16.6667,906,15.9282,568,13.3175
Surry Hills,Bus,1274,13.5402,1039,13.1486,987,13.3198,739,12.9803,738,17.2992
Surry Hills,Tram or Ferry,22,0.2338,28,0.3543,36,0.4858,3,0.0527,14,0.3167
Surry Hills,Taxi,297,3.1566,109,1.3794,122,1.6464,142,2.4998,129,3.0271
Surry Hills,Car - as driver,1571,16.6968,1488,18.8307,1581,21.336,1282,22.5198,873,20.4823
Surry Hills,Car - as passenger,123,1.3073,177,2.2399,191,2.5776,164,2.8811,136,3.1877
Surry Hills,Truck,0,0,6,0.0759,3,0.0405,0,0,0,0
Surry Hills,Truck,0,0,6,0.2278,3,0.1215,0,0,0,0
Surry Hills,Motorbike,107,1.1372,66,0.8352,36,0.4858,34,0.5896,13,0.2991
Surry Hills,Bicycle,346,3.6773,135,1.7084,157,2.1188,73,1.2784,54,1.2667
Surry Hills,Walked only,3091,32.8515,2587,32.7385,1952,26.3428,1351,23.7429,1092,25.6099
Surry Hills,Other,80,0.8502,71,0.8985,122,1.6464,77,1.3531,38,0.8855
Surry Hills,Worked at home,377,4.0068,305,3.8598,319,4.305,257,4.5215,161,3.7718
Surry Hills,Did not go to work,537,5.7073,612,7.7449,591,7.9757,578,10.1581,299,7.0159
Surry Hills,Not stated,52,0.5527,86,1.0883,78,1.0526,85,1.4946,150,3.5208
Surry Hills,Total employed persons aged 15+,9409,100,7902,100,7410,100,5691,100,4263,100
Sydney,Train,1367,12.7757,734,9.6212,529,9.0738,213,7.4139,117,12.0123
Sydney,Bus,817,7.6355,572,7.4977,319,5.4717,174,6.0564,77,7.9055
Sydney,Tram or Ferry,21,0.1963,26,0.3408,15,0.2573,12,0.4177,0,0
Sydney,Taxi,412,3.8505,251,3.2901,278,4.7684,172,5.9868,31,3.1828
Sydney,Car - as driver,1342,12.5421,1157,15.1658,1096,18.7993,587,20.4316,159,16.3244
Sydney,Car - as passenger,152,1.4206,165,2.1628,153,2.6244,90,3.1326,16,1.6427
Sydney,Truck,9,0.0841,14,0.1835,3,0.0515,0,0,0,0
Sydney,Truck,9,0.2523,14,0.5505,3,0.1544,0,0,0,0
Sydney,Motorbike,7,0.0654,16,0.2097,12,0.2058,0,0,0,0
Sydney,Bicycle,51,0.4766,15,0.1966,31,0.5317,9,0.3133,3,0.308
Sydney,Walked only,4462,41.7009,3097,40.5951,2149,36.8611,892,31.0477,386,39.6304
Sydney,Other,627,5.8598,402,5.2694,386,6.6209,222,7.7271,9,0.924
Sydney,Worked at home,286,2.6729,272,3.5653,257,4.4082,120,4.1768,43,4.4148
Sydney,Did not go to work,1023,9.5607,834,10.932,539,9.2453,342,11.9039,76,7.8029
Sydney,Not stated,94,0.8785,74,0.97,63,1.0806,40,1.3923,57,5.8522
Sydney,Total employed persons aged 15+,10700,100,7629,100,5830,100,2873,100,974,100
The Rocks - Millers Point - Dawes Point,Train,122,6.3975,55,4.3965,64,7.1508,64,8.1321,44,12.9032
The Rocks - Millers Point - Dawes Point,Bus,106,5.5585,81,6.4748,91,10.1676,66,8.3863,65,19.0616
The Rocks - Millers Point - Dawes Point,Tram or Ferry,9,0.4719,9,0.7194,9,1.0056,4,0.5083,3,0.8798
The Rocks - Millers Point - Dawes Point,Taxi,91,4.7719,40,3.1974,40,4.4693,38,4.8285,11,3.2258
The Rocks - Millers Point - Dawes Point,Car - as driver,428,22.4436,350,27.9776,197,22.0112,183,23.2529,55,16.129
The Rocks - Millers Point - Dawes Point,Car - as passenger,54,2.8317,46,3.6771,23,2.5698,26,3.3037,12,3.5191
The Rocks - Millers Point - Dawes Point,Truck,0,0,0,0,3,0.3352,0,0,0,0
The Rocks - Millers Point - Dawes Point,Truck,0,0,0,0,3,1.0056,0,0,0,0
The Rocks - Millers Point - Dawes Point,Motorbike,5,0.2622,0,0,0,0,0,0,0,0
The Rocks - Millers Point - Dawes Point,Bicycle,12,0.6293,11,0.8793,7,0.7821,3,0.3812,9,2.6393
The Rocks - Millers Point - Dawes Point,Walked only,696,36.4971,400,31.9744,267,29.8324,211,26.8107,76,22.2874
The Rocks - Millers Point - Dawes Point,Other,124,6.5024,49,3.9169,47,5.2514,60,7.6239,3,0.8798
The Rocks - Millers Point - Dawes Point,Worked at home,101,5.2963,94,7.514,58,6.4804,33,4.1931,17,4.9853
The Rocks - Millers Point - Dawes Point,Did not go to work,147,7.7084,108,8.6331,80,8.9385,93,11.817,31,9.0909
The Rocks - Millers Point - Dawes Point,Not stated,6,0.3146,8,0.6395,9,1.0056,6,0.7624,15,4.3988
The Rocks - Millers Point - Dawes Point,Total employed persons aged 15+,1907,100,1251,100,895,100,787,100,341,100
Ultimo,Train,463,14.4012,211,9.2625,176,9.6863,129,8.639,74,7.722
Ultimo,Bus,558,17.3561,381,16.7252,246,13.5388,160,10.7393,135,14.07
Ultimo,Tram or Ferry,7,0.2177,18,0.7902,20,1.1007,0,0,0,0
Ultimo,Taxi,34,1.0575,31,1.3608,20,1.1007,43,2.9109,16,1.7137
Ultimo,Car - as driver,484,15.0544,374,16.4179,361,19.8679,350,23.475,207,21.5987
Ultimo,Car - as passenger,58,1.804,48,2.1071,62,3.4122,51,3.4201,39,4.0961
Ultimo,Truck,0,0,0,0,0,0,0,0,0,0
Ultimo,Motorbike,46,1.4308,22,0.9658,9,0.4953,12,0.8039,9,0.8934
Ultimo,Bicycle,63,1.9596,27,1.1853,25,1.3759,12,0.8039,3,0.3135
Ultimo,Walked only,1128,35.0855,811,35.6014,563,30.9851,405,27.143,330,34.5246
Ultimo,Other,36,1.1198,29,1.273,39,2.1464,58,3.8857,26,2.6959
Ultimo,Worked at home,75,2.3328,62,2.7217,79,4.3478,55,3.6814,11,1.1912
Ultimo,Did not go to work,233,7.2473,212,9.3064,193,10.6219,184,12.3204,52,5.4127
Ultimo,Not stated,36,1.1198,52,2.2827,24,1.3209,33,2.1773,55,5.768
Ultimo,Total employed persons aged 15+,3215,100,2278,100,1817,100,1493,100,957,100
Waterloo - Zetland,Train,748,10.7348,390,8.0043,195,13.2609,160,10.8522,117,9.4639
Waterloo - Zetland,Bus,1640,23.5362,1008,20.7133,288,19.5652,267,18.104,264,21.332
Waterloo - Zetland,Tram or Ferry,0,0,0,0,0,0,0,0,3,0.242
Waterloo - Zetland,Taxi,95,1.3634,79,1.6272,14,0.9783,9,0.608,20,1.6136
Waterloo - Zetland,Car - as driver,2332,33.4673,1859,38.1929,505,34.2799,529,35.9431,329,26.5239
Waterloo - Zetland,Car - as passenger,261,3.7457,251,5.1609,61,4.1168,75,5.0949,70,5.6477
Waterloo - Zetland,Truck,19,0.2727,17,0.3534,9,0.6114,0,0,0,0
Waterloo - Zetland,Truck,19,0.818,17,1.0601,9,1.8342,0,0,0,0
Waterloo - Zetland,Motorbike,121,1.7365,34,0.7026,9,0.6114,6,0.4076,6,0.4841
Waterloo - Zetland,Bicycle,270,3.8749,82,1.6929,21,1.4402,25,1.6949,15,1.2062
Waterloo - Zetland,Walked only,666,9.558,499,10.2601,155,10.5299,191,12.9853,223,17.9918
Waterloo - Zetland,Other,51,0.7319,46,0.9451,15,1.019,6,0.4076,12,0.9682
Waterloo - Zetland,Worked at home,174,2.4971,123,2.5311,52,3.5054,46,3.1147,30,2.4124
Waterloo - Zetland,Did not go to work,512,7.3479,420,8.6288,110,7.5,128,8.6852,92,7.4186
Waterloo - Zetland,Not stated,71,1.0189,58,1.1875,38,2.5815,31,2.1025,58,4.6956
Waterloo - Zetland,Total employed persons aged 15+,6968,100,4867,100,1472,100,1472,100,1239,100
Woolloomooloo,Train,229,11.4557,132,7.8107,186,10.5933,130,9.3525,108,11.4728
Woolloomooloo,Bus,119,5.953,124,7.3373,115,6.5128,95,6.8345,83,8.8047
Woolloomooloo,Tram or Ferry,0,0,3,0.1775,3,0.1705,3,0.2158,0,0
Woolloomooloo,Taxi,80,4.002,35,2.071,62,3.5235,36,2.5899,36,3.842
Woolloomooloo,Car - as driver,367,18.3592,385,22.7811,420,23.8691,336,24.1367,194,20.651
Woolloomooloo,Car - as passenger,32,1.6008,49,2.8994,68,3.8645,46,3.3094,37,3.9488
Woolloomooloo,Truck,4,0.2001,0,0,0,0,0,0,0,0
Woolloomooloo,Truck,4,0.6003,0,0,0,0,0,0,0,0
Woolloomooloo,Motorbike,17,0.8504,15,0.8876,11,0.6479,9,0.6475,9,0.9605
Woolloomooloo,Bicycle,45,2.2511,16,0.9467,13,0.7615,17,1.223,6,0.6403
Woolloomooloo,Walked only,843,42.1711,715,42.3077,618,35.1103,470,33.8129,292,31.1633
Woolloomooloo,Other,39,1.951,9,0.5325,34,1.9095,29,2.0863,5,0.4803
Woolloomooloo,Worked at home,88,4.4022,76,4.497,81,4.5806,70,5,46,4.8559
Woolloomooloo,Did not go to work,128,6.4032,124,7.3373,134,7.6381,122,8.777,71,7.524
Woolloomooloo,Not stated,0,0,7,0.4142,14,0.8184,28,2.0144,53,5.6563
Woolloomooloo,Total employed persons aged 15+,1999,100,1690,100,1760,100,1390,100,937,100
Green Square,Train,1040,12.7548,464,8.9577,173,13.056,51,5.9253,51,6.4176
Green Square,Bus,1793,21.9906,1014,19.565,192,14.4831,152,17.6136,162,20.3434
Green Square,Tram or Ferry,0,0,0,0,0,0,0,0,0,0
Green Square,Taxi,99,1.2142,72,1.3945,10,0.7174,3,0.3827,9,1.1406
Green Square,Car - as driver,2878,35.2949,2105,40.6272,561,42.3922,368,42.66,266,33.3918
Green Square,Car - as passenger,311,3.8089,264,5.0893,76,5.7087,55,6.3196,61,7.6586
Green Square,Truck,25,0.3124,24,0.4566,9,0.7023,0,0,0,0
Green Square,Truck,25,0.9372,24,1.3698,9,2.1068,0,0,0,0
Green Square,Motorbike,153,1.8785,52,0.9938,6,0.4531,9,1.0436,6,0.7521
Green Square,Bicycle,293,3.5992,96,1.8507,18,1.3743,16,1.8553,10,1.2158
Green Square,Walked only,678,8.3208,428,8.2553,106,8.0193,92,10.7143,125,15.6806
Green Square,Other,70,0.8533,62,1.1888,21,1.548,8,0.9276,7,0.8273
Green Square,Worked at home,206,2.5314,129,2.4948,51,3.8133,35,4.07,23,2.908
Green Square,Did not go to work,545,6.6891,429,8.2696,84,6.3128,62,7.1545,47,5.8661
Green Square,Not stated,52,0.6415,44,0.8568,19,1.4196,12,1.3335,30,3.7979
Green Square,Total employed persons aged 15+,8153,100,5182,100,1324,100,862,100,798,100
Crown Street Village Centre,Train,1671,14.6266,1369,13.9135,1464,15.085,1193,14.9394,850,12.5458
Crown Street Village Centre,Bus,1718,15.0353,1423,14.4544,1474,15.188,1167,14.6116,1340,19.7882
Crown Street Village Centre,Tram or Ferry,24,0.21,26,0.2654,30,0.3091,6,0.0751,19,0.2877
Crown Street Village Centre,Taxi,318,2.7827,132,1.3394,158,1.628,176,2.198,191,2.8215
Crown Street Village Centre,Car - as driver,2265,19.8182,2243,22.7936,2399,24.7192,2071,25.9321,1548,22.8637
Crown Street Village Centre,Car - as passenger,174,1.5226,261,2.6484,303,3.1221,282,3.5283,283,4.186
Crown Street Village Centre,Truck,3,0.0263,15,0.1524,22,0.2267,0,0,0,0
Crown Street Village Centre,Truck,3,0.0788,15,0.4572,22,0.6801,0,0,0,0
Crown Street Village Centre,Motorbike,120,1.0497,91,0.9204,52,0.5358,44,0.5542,25,0.3713
Crown Street Village Centre,Bicycle,541,4.7308,217,2.2045,205,2.1123,116,1.4542,95,1.4073
Crown Street Village Centre,Walked only,3208,28.0738,2723,27.6635,2102,21.6589,1586,19.8603,1416,20.9055
Crown Street Village Centre,Other,90,0.7839,99,1.0059,158,1.628,99,1.2421,47,0.6921
Crown Street Village Centre,Worked at home,488,4.2702,406,4.127,421,4.338,347,4.3424,218,3.2132
Crown Street Village Centre,Did not go to work,688,6.0198,735,7.4635,804,8.2844,769,9.6301,463,6.8306
Crown Street Village Centre,Not stated,84,0.7351,103,1.0482,113,1.1643,130,1.632,277,4.0872
Crown Street Village Centre,Total employed persons aged 15+,11428,100,9842,100,9705,100,7986,100,6771,100
Glebe Point Road Village Centre,Train,830,8.0873,572,6.6698,582,8.1868,457,6.6136,381,5.7727
Glebe Point Road Village Centre,Bus,2353,22.927,1979,23.076,1656,23.2944,1523,22.0405,1586,24.0303
Glebe Point Road Village Centre,Tram or Ferry,67,0.6528,90,1.0494,94,1.3223,3,0.0434,6,0.0909
Glebe Point Road Village Centre,Taxi,170,1.6564,91,1.0611,98,1.3785,129,1.8669,152,2.303
Glebe Point Road Village Centre,Car - as driver,2677,26.084,2456,28.6381,2016,28.3584,2291,33.1548,1953,29.5909
Glebe Point Road Village Centre,Car - as passenger,278,2.7088,277,3.2299,269,3.7839,302,4.3705,294,4.4545
Glebe Point Road Village Centre,Truck,15,0.1462,20,0.2332,27,0.3798,0,0,0,0
Glebe Point Road Village Centre,Truck,15,0.4385,20,0.6996,27,1.1394,0,0,0,0
Glebe Point Road Village Centre,Motorbike,186,1.8123,88,1.0261,27,0.3798,36,0.521,51,0.7727
Glebe Point Road Village Centre,Bicycle,454,4.4237,206,2.4021,140,1.9693,92,1.3314,90,1.3636
Glebe Point Road Village Centre,Walked only,1758,17.1295,1401,16.3363,991,13.9401,910,13.1693,1053,15.9545
Glebe Point Road Village Centre,Other,84,0.8185,73,0.8512,54,0.7596,71,1.0275,46,0.697
Glebe Point Road Village Centre,Worked at home,450,4.3847,382,4.4543,378,5.3172,283,4.0955,255,3.8636
Glebe Point Road Village Centre,Did not go to work,878,8.555,809,9.4333,690,9.706,724,10.4776,501,7.5909
Glebe Point Road Village Centre,Not stated,58,0.5651,132,1.5392,87,1.2238,89,1.288,232,3.5152
Glebe Point Road Village Centre,Total employed persons aged 15+,10263,100,8576,100,7109,100,6910,100,6600,100
Green Square Village Centre,Train,1259,11.4952,589,7.7128,360,10.0033,93,4.5584,76,4.1184
Green Square Village Centre,Bus,2311,21.1044,1430,18.7289,590,16.4174,331,16.325,351,19.0213
Green Square Village Centre,Tram or Ferry,0,0,0,0,3,0.0834,0,0,0,0
Green Square Village Centre,Taxi,140,1.2787,90,1.1729,27,0.7509,10,0.4987,19,1.0448
Green Square Village Centre,Car - as driver,4169,38.0778,3318,43.4449,1632,45.3949,928,45.7457,740,40.0514
Green Square Village Centre,Car - as passenger,458,4.1858,429,5.6165,224,6.2194,144,7.0723,144,7.7876
Green Square Village Centre,Truck,52,0.4749,53,0.6888,32,0.8899,0,0,0,0
Green Square Village Centre,Truck,52,1.4248,53,2.0663,32,2.6698,0,0,0,0
Green Square Village Centre,Motorbike,195,1.781,76,0.999,12,0.3337,14,0.6889,6,0.341
Green Square Village Centre,Bicycle,343,3.1364,123,1.6076,35,0.9703,33,1.6339,20,1.0935
Green Square Village Centre,Walked only,807,7.366,558,7.3049,227,6.3226,162,7.9612,202,10.9354
Green Square Village Centre,Other,112,1.0238,88,1.1561,45,1.2515,38,1.8857,17,0.9197
Green Square Village Centre,Worked at home,271,2.4788,184,2.4083,101,2.813,70,3.4635,50,2.6845
Green Square Village Centre,Did not go to work,749,6.839,629,8.2427,242,6.735,162,7.9992,112,6.0748
Green Square Village Centre,Not stated,71,0.6485,70,0.9166,65,1.8146,44,2.1676,110,5.9276
Green Square Village Centre,Total employed persons aged 15+,10949,100,7637,100,3596,100,2029,100,1847,100
Harbour Village Centre,Train,623,9.0264,364,6.9228,332,7.6728,183,7.6665,76,9.4293
Harbour Village Centre,Bus,325,4.7088,262,4.9829,208,4.807,137,5.7394,96,11.9107
Harbour Village Centre,Tram or Ferry,18,0.2608,19,0.3614,15,0.3467,16,0.6703,3,0.3722
Harbour Village Centre,Taxi,377,5.4622,224,4.2602,264,6.1012,146,6.1165,28,3.4739
Harbour Village Centre,Car - as driver,1165,16.8792,1043,19.8364,884,20.4299,489,20.486,116,14.3921
Harbour Village Centre,Car - as passenger,132,1.9125,155,2.9479,124,2.8657,74,3.1001,18,2.2333
Harbour Village Centre,Truck,6,0.0869,8,0.1521,6,0.1387,0,0,0,0
Harbour Village Centre,Truck,6,0.2608,8,0.4564,6,0.416,0,0,0,0
Harbour Village Centre,Motorbike,12,0.1739,10,0.1902,3,0.0693,0,0,0,0
Harbour Village Centre,Bicycle,33,0.4781,23,0.4374,23,0.5315,6,0.2514,9,1.1166
Harbour Village Centre,Walked only,2678,38.8003,2018,38.3796,1483,34.2732,719,30.1215,276,34.2432
Harbour Village Centre,Other,595,8.6207,339,6.4473,364,8.4123,211,8.8395,12,1.4888
Harbour Village Centre,Worked at home,256,3.7091,237,4.5074,205,4.7377,96,4.0218,46,5.7072
Harbour Village Centre,Did not go to work,637,9.2292,524,9.9658,377,8.7127,286,11.9816,76,9.4293
Harbour Village Centre,Not stated,30,0.4347,32,0.6086,39,0.9013,24,1.0054,50,6.2035
Harbour Village Centre,Total employed persons aged 15+,6902,100,5258,100,4327,100,2387,100,806,100
Harris Street Village Centre,Train,863,8.9486,511,6.6623,502,8.3975,299,8.7274,117,8.1647
Harris Street Village Centre,Bus,1070,11.095,880,11.4738,598,10.0033,355,10.3619,191,13.3287
Harris Street Village Centre,Tram or Ferry,87,0.9021,109,1.4169,124,2.0743,3,0.0876,3,0.2094
Harris Street Village Centre,Taxi,258,2.6752,122,1.5966,116,1.9404,104,3.0356,20,1.3957
Harris Street Village Centre,Car - as driver,2063,21.3915,1859,24.2414,1376,23.0177,866,25.2773,328,22.889
Harris Street Village Centre,Car - as passenger,214,2.219,268,3.4988,218,3.6467,147,4.2907,70,4.8849
Harris Street Village Centre,Truck,3,0.0311,3,0.0391,12,0.2007,0,0,0,0
Harris Street Village Centre,Truck,3,0.0933,3,0.1174,12,0.6022,0,0,0,0
Harris Street Village Centre,Motorbike,96,0.9954,36,0.4694,25,0.4182,18,0.5254,12,0.8374
Harris Street Village Centre,Bicycle,192,1.9909,77,1.0041,51,0.8531,21,0.613,3,0.2094
Harris Street Village Centre,Walked only,3591,37.2356,2763,36.0254,1997,33.4058,1009,29.4513,474,33.0775
Harris Street Village Centre,Other,141,1.462,122,1.595,137,2.2917,119,3.4734,40,2.7913
Harris Street Village Centre,Worked at home,334,3.4633,241,3.1423,222,3.7136,102,2.9772,27,1.8842
Harris Street Village Centre,Did not go to work,625,6.4807,564,7.3603,511,8.548,337,9.8365,83,5.792
Harris Street Village Centre,Not stated,59,0.6118,113,1.4747,89,1.4888,46,1.3427,65,4.5359
Harris Street Village Centre,Total employed persons aged 15+,9644,100,7669,100,5978,100,3426,100,1433,100
Haymarket Village Centre,Train,1396,15.8817,657,11.8561,382,10.2523,94,7.3841,85,16.6994
Haymarket Village Centre,Bus,1093,12.4346,716,12.9208,395,10.6012,103,8.0911,46,9.0373
Haymarket Village Centre,Tram or Ferry,43,0.4892,31,0.5655,25,0.671,0,0,0,0
Haymarket Village Centre,Taxi,192,2.1843,92,1.6521,68,1.825,64,5.0275,14,2.7505
Haymarket Village Centre,Car - as driver,916,10.4209,668,12.0524,589,15.8078,281,22.0738,98,19.2534
Haymarket Village Centre,Car - as passenger,114,1.2969,102,1.8347,88,2.3618,42,3.2993,10,1.9646
Haymarket Village Centre,Truck,9,0.1024,6,0.1083,0,0,0,0,0,0
Haymarket Village Centre,Truck,9,0.3072,6,0.3248,0,0,0,0,0,0
Haymarket Village Centre,Motorbike,7,0.0796,12,0.2165,9,0.2415,0,0,0,0
Haymarket Village Centre,Bicycle,47,0.5347,3,0.0541,15,0.4026,6,0.4713,3,0.5894
Haymarket Village Centre,Walked only,3472,39.4994,2188,39.4841,1376,36.9297,384,30.165,186,36.5422
Haymarket Village Centre,Other,291,3.3106,141,2.5384,107,2.8717,71,5.5774,0,0
Haymarket Village Centre,Worked at home,183,2.0819,175,3.158,140,3.7574,57,4.4776,14,2.7505
Haymarket Village Centre,Did not go to work,893,10.1593,661,11.9187,475,12.7483,149,11.7046,31,6.0904
Haymarket Village Centre,Not stated,119,1.3538,91,1.6403,57,1.5298,22,1.7282,22,4.3222
Haymarket Village Centre,Total employed persons aged 15+,8790,100,5542,100,3726,100,1273,100,509,100
King Street Village Centre,Train,3201,26.3361,2374,22.9369,2329,25.9534,1627,22.1214,1186,19.48
King Street Village Centre,Bus,1393,11.4581,1149,11.1015,978,10.8998,757,10.2995,776,12.7391
King Street Village Centre,Tram or Ferry,3,0.0247,4,0.0387,3,0.0334,3,0.0408,12,0.197
King Street Village Centre,Taxi,120,0.9874,49,0.4768,69,0.7689,67,0.9113,83,1.3634
King Street Village Centre,Car - as driver,3174,26.1125,3044,29.4124,2463,27.4405,2115,28.7602,1627,26.7148
King Street Village Centre,Car - as passenger,255,2.0944,323,3.1238,281,3.1328,259,3.5156,265,4.3472
King Street Village Centre,Truck,13,0.107,17,0.1608,21,0.2391,0,0,0,0
King Street Village Centre,Truck,13,0.3209,17,0.4824,21,0.7174,0,0,0,0
King Street Village Centre,Motorbike,239,1.9689,103,0.9905,38,0.4277,58,0.7902,27,0.4491
King Street Village Centre,Bicycle,590,4.8553,287,2.7735,230,2.5636,109,1.4861,92,1.5051
King Street Village Centre,Walked only,1363,11.2123,1240,11.9809,922,10.2763,950,12.9201,979,16.0659
King Street Village Centre,Other,68,0.5621,81,0.7857,87,0.972,68,0.9308,54,0.8827
King Street Village Centre,Worked at home,469,3.8579,336,3.2439,306,3.4065,237,3.2237,190,3.1127
King Street Village Centre,Did not go to work,1209,9.9515,1261,12.1874,1171,13.0461,1026,13.9492,626,10.2802
King Street Village Centre,Not stated,54,0.4473,81,0.7872,75,0.84,77,1.051,174,2.8629
King Street Village Centre,Total employed persons aged 15+,12154,100,10348,100,8974,100,7354,100,6091,100
Kings Cross Village Centre,Train,2410,20.9899,1789,16.594,1939,20.3548,1849,20.1785,1494,21.0837
Kings Cross Village Centre,Bus,731,6.3699,687,6.3723,763,8.0097,807,8.804,1000,14.111
Kings Cross Village Centre,Tram or Ferry,7,0.061,13,0.1206,12,0.126,6,0.0655,9,0.127
Kings Cross Village Centre,Taxi,563,4.9024,280,2.5972,380,3.9891,415,4.5303,363,5.1264
Kings Cross Village Centre,Car - as driver,1951,16.9909,2006,18.6068,2093,21.9714,2062,22.4923,1368,19.3017
Kings Cross Village Centre,Car - as passenger,188,1.6371,263,2.4395,310,3.2543,333,3.6332,240,3.3904
Kings Cross Village Centre,Truck,8,0.0697,12,0.1113,12,0.126,0,0,0,0
Kings Cross Village Centre,Truck,8,0.209,12,0.3339,12,0.3779,0,0,0,0
Kings Cross Village Centre,Motorbike,158,1.3762,66,0.6122,37,0.3884,54,0.5892,36,0.5081
Kings Cross Village Centre,Bicycle,208,1.8134,105,0.9739,96,1.0078,74,0.8074,33,0.4658
Kings Cross Village Centre,Walked only,3506,30.541,3149,29.2088,2389,25.0787,2054,22.4106,1529,21.5812
Kings Cross Village Centre,Other,424,3.6927,1094,10.1475,179,1.8791,183,1.9966,40,0.5661
Kings Cross Village Centre,Worked at home,534,4.6487,524,4.8604,471,4.9444,377,4.1145,251,3.5441
Kings Cross Village Centre,Did not go to work,681,5.9277,694,6.4373,767,8.0516,817,8.9159,463,6.5362
Kings Cross Village Centre,Not stated,47,0.4094,99,0.9183,78,0.8188,134,1.462,259,3.6585
Kings Cross Village Centre,Total employed persons aged 15+,11481,100,10781,100,9526,100,9165,100,7085,100
Oxford Street Village Centre,Train,1193,10.853,752,8.7659,990,11.6361,878,11.019,651,9.6215
Oxford Street Village Centre,Bus,1669,15.1828,1285,14.9872,1383,16.2553,1335,16.7579,1386,20.4998
Oxford Street Village Centre,Tram or Ferry,7,0.0637,12,0.1385,9,0.1058,3,0.0376,25,0.3655
Oxford Street Village Centre,Taxi,362,3.2955,154,1.7937,184,2.1627,221,2.779,215,3.1812
Oxford Street Village Centre,Car - as driver,2157,19.6237,2027,23.6326,2013,23.6601,1989,24.9566,1579,23.3445
Oxford Street Village Centre,Car - as passenger,189,1.7202,222,2.5921,267,3.1382,270,3.3861,278,4.1159
Oxford Street Village Centre,Truck,0,0,18,0.2099,24,0.2821,0,0,0,0
Oxford Street Village Centre,Truck,0,0,18,0.6297,24,0.8463,0,0,0,0
Oxford Street Village Centre,Motorbike,149,1.3562,54,0.6345,33,0.3879,35,0.436,44,0.6486
Oxford Street Village Centre,Bicycle,332,3.0227,116,1.356,118,1.3869,96,1.203,87,1.2852
Oxford Street Village Centre,Walked only,3409,31.0247,2564,29.8955,2134,25.0823,1782,22.3691,1508,22.3047
Oxford Street Village Centre,Other,149,1.36,134,1.5625,101,1.1871,73,0.9161,41,0.6097
Oxford Street Village Centre,Worked at home,508,4.6254,409,4.7665,460,5.4067,349,4.3859,257,3.7992
Oxford Street Village Centre,Did not go to work,729,6.6293,734,8.5595,734,8.6272,842,10.5682,497,7.3491
Oxford Street Village Centre,Not stated,91,0.8281,95,1.1057,58,0.6817,94,1.1854,194,2.8751
Oxford Street Village Centre,Total employed persons aged 15+,10989,100,8576,100,8508,100,7968,100,6762,100
Redfern Street Village Centre,Train,2565,24.4867,1792,21.4514,1822,23.1832,1305,20.8902,905,17.9046
Redfern Street Village Centre,Bus,1175,11.2162,999,11.9571,1001,12.7289,740,11.846,784,15.5133
Redfern Street Village Centre,Tram or Ferry,0,0,13,0.1556,9,0.1145,9,0.1441,8,0.1544
Redfern Street Village Centre,Taxi,100,0.9548,111,1.3339,73,0.9287,63,1.003,98,1.9306
Redfern Street Village Centre,Car - as driver,2189,20.9032,2119,25.3557,2001,25.4595,1670,26.7375,1289,25.5127
Redfern Street Village Centre,Car - as passenger,189,1.8061,250,2.9907,274,3.4888,267,4.2791,225,4.452
Redfern Street Village Centre,Truck,10,0.0955,29,0.3442,35,0.4394,0,0,0,0
Redfern Street Village Centre,Truck,10,0.2864,29,1.0326,35,1.3183,0,0,0,0
Redfern Street Village Centre,Motorbike,200,1.9068,57,0.6847,50,0.6313,43,0.6869,35,0.6857
Redfern Street Village Centre,Bicycle,549,5.237,232,2.7762,178,2.2653,101,1.6095,80,1.5877
Redfern Street Village Centre,Walked only,2016,19.2467,1553,18.5864,1144,14.5602,950,15.2014,859,17.0024
Redfern Street Village Centre,Other,83,0.7886,96,1.1538,98,1.2439,80,1.2818,40,0.7926
Redfern Street Village Centre,Worked at home,370,3.5301,260,3.1172,277,3.5261,234,3.7494,152,3.0046
Redfern Street Village Centre,Did not go to work,889,8.4855,723,8.6502,773,9.8352,681,10.9076,391,7.7326
Redfern Street Village Centre,Not stated,131,1.2473,121,1.4429,125,1.595,104,1.6634,188,3.7269
Redfern Street Village Centre,Total employed persons aged 15+,10473,100,8355,100,7860,100,6247,100,5053,100